Feature,Mean_Abs_SHAP
orig_balance_error,5.3248196
newbalanceOrig,2.7505584
step,1.8879297
amount_to_orig_balance,1.7614949
type_PAYMENT,1.3619515
amount_to_dest_balance,0.9370399
amount,0.9343262
oldbalanceDest,0.6568001
log_amount,0.57667154
orig_balance_change,0.5111028
newbalanceDest,0.5049956
hour,0.48062682
dest_balance_change,0.4660453
dest_balance_error,0.46043324
hour_sin,0.44904596
type_CASH_OUT,0.36628488
hour_cos,0.28651255
oldbalanceOrg,0.2770552
type_TRANSFER,0.19816943
day,0.19282004
amount_vs_user_avg,0.17014652
type_CASH_IN,0.039303124
type_DEBIT,0.0029547606
is_night,0.00023166397
user_amount_sum_before,0.0
user_tx_count_before,0.0
user_max_amount_before,0.0
user_avg_amount_before,0.0
